Annual Distance (miles/vehicle),2020.0
LDVs,8878.26745321
HDVs,35342.140051001
aircraft,1100476.533054074
rail,19551.038544539
ships,54621.548355643
motorbikes,0.0
