Annual Distance (miles/vehicle),2020.0
LDVs,9837.353854846
HDVs,17626.686283061
aircraft,1132242.787889956
rail,215535.357142857
ships,179.770784461
motorbikes,1939.485834419
