Annual Distance (miles/vehicle),2020.0
LDVs,8617.199358657
HDVs,36854.17025076
aircraft,1456202.658358183
rail,19662.590009303
ships,51511.739726836
motorbikes,0.0
