Annual Distance (miles/vehicle),2020.0
LDVs,8845.219817271
HDVs,35522.255987611
aircraft,2007696.599485232
rail,19650.931357877
ships,54885.957532055
motorbikes,0.0
