Annual Distance (miles/vehicle),2020.0
LDVs,9876.937336581
HDVs,10030.329218735
aircraft,1864863.320261086
rail,136556.458333333
ships,168.777049528
motorbikes,1679.070647371
