Annual Distance (miles/vehicle),2020.0
LDVs,9801.168828498
HDVs,17716.477121201
aircraft,2065650.960615401
rail,136556.458333333
ships,179.268491598
motorbikes,1931.901089762
