solar pv,Hour0,Hour1,Hour2,Hour3,Hour4,Hour5,Hour6,Hour7,Hour8,Hour9,Hour10,Hour11,Hour12,Hour13,Hour14,Hour15,Hour16,Hour17,Hour18,Hour19,Hour20,Hour21,Hour22,Hour23
Winter,0,0,0,0,0.0,0.0,0.00010695293871157623,0.05259769931458331,0.28752621444463294,0.38802765611437573,0.39220760044297676,0.3903423092655965,0.3944312637806667,0.406518542167593,0.3993782362742067,0.30456724965330084,0.08696511059452662,0.0024942383095050433,0.0,0.0,0,0,0,0
Spring,0,0,0,0,9.901475417871672e-05,0.03788147639821578,0.22338218714768882,0.48190774962011657,0.6395691387677075,0.6974957109945592,0.7161168570168126,0.7146081074457137,0.7066599676486446,0.7045635017891282,0.6841346012450371,0.6436841331307288,0.5369320131366109,0.2856810940640164,0.046038919660800946,0.0,0,0,0,0
Summer,0,0,0,0,0.00034625302906607575,0.09613497648019277,0.4011605696588008,0.6394256761134651,0.7412603506589435,0.7797410877424873,0.7767761665953951,0.7670111054957299,0.7619914732599881,0.7649190737213128,0.7407114255724452,0.7025484326607836,0.6232855162046935,0.45314776659021105,0.15470564604957954,1.036685715766694e-06,0,0,0,0
Fall,0,0,0,0,0.0,0.00022473986729997964,0.07112203596577155,0.33122664350268893,0.5119855101927663,0.5579071099857692,0.5483142661762804,0.5285334614744858,0.5152168850610825,0.5069140776609312,0.49775814589609463,0.45571774446929225,0.2784667418263812,0.06203485685770789,0.0,0.0,0,0,0,0
Summer Peak,0,0,0,0,0.0,0.006944757609921083,0.04694475760992108,0.12414881623449832,0.1949041713641488,0.302412626832018,0.4983990980834273,0.6501916572717024,0.7534160090191657,0.7500338218714769,0.673325817361894,0.6512288613303269,0.5813754227733935,0.41961668545659525,0.14777903043968432,0.0,0,0,0,0
Winter Peak,0,0,0,0,0.0,0.0,0.0,9.019165727170237e-05,0.02980834272829763,0.052897406989853436,0.06038331454340474,0.09803833145434047,0.11684329199549043,0.09258173618940249,0.07711386696730553,0.039954904171364145,0.0,0.0,0.0,0.0,0,0,0,0
