solar pv,Hour0,Hour1,Hour2,Hour3,Hour4,Hour5,Hour6,Hour7,Hour8,Hour9,Hour10,Hour11,Hour12,Hour13,Hour14,Hour15,Hour16,Hour17,Hour18,Hour19,Hour20,Hour21,Hour22,Hour23
Winter,0,0,0,0,0.0,0.0,7.162099845817968e-05,0.03522203117459391,0.19254183016849064,0.2598425858614653,0.2626416841370287,0.2613925925445155,0.26413075952288306,0.2722250013187837,0.26744349794410555,0.20395335350865004,0.05823615626497846,0.0016702658222523252,0.0,0.0,0,0,0,0
Spring,0,0,0,0,6.630519592822882e-05,0.025367317582798914,0.1495878044495262,0.32270935804395484,0.4282872528178914,0.4670777618971705,0.4795474058977518,0.4785370722687072,0.4732146031995177,0.47181070556097815,0.45813049936939,0.43104285737144316,0.35955633709803075,0.1913062459430617,0.030829946645361213,0.0,0,0,0,0
Summer,0,0,0,0,0.0002318682212908405,0.06437675378731587,0.26863703687933965,0.4281911831010413,0.49638473772864794,0.5221533500223446,0.5201678916005132,0.513628721808749,0.5102673268162635,0.5122277934537643,0.49601715023411663,0.47046131521534684,0.4173829305942237,0.30345024534395765,0.10359858242950128,6.942162314097021e-07,0,0,0,0
Fall,0,0,0,0,0.0,0.00015049697449445737,0.04762684681328709,0.2218058073896238,0.3428509200201858,0.37360230345660767,0.36717845891371254,0.35393224987901445,0.3450148090843806,0.33945483697731743,0.3333235704341796,0.3051712301428102,0.1864751574595387,0.04154162046300462,0.0,0.0,0,0,0,0
Summer Peak,0,0,0,0,0.0,0.004650554534213595,0.03143654071504125,0.08313621190058458,0.13051751101864387,0.2025105110807556,0.3337527838449912,0.4354006186642312,0.5045247701500424,0.5022598896950682,0.4508924009762544,0.4360951820037565,0.38931785100702376,0.2809961684471266,0.09896017667933732,0.0,0,0,0,0
Winter Peak,0,0,0,0,0.0,0.0,0.0,6.039681213264408e-05,0.019961146409838867,0.03542273031579575,0.040435665722805214,0.06565133478818412,0.07824407011784042,0.061997327654159155,0.0516392743734107,0.026755787774761324,0.0,0.0,0.0,0.0,0,0,0,0
