heavy or residual fuel oil,Hour0,Hour1,Hour2,Hour3,Hour4,Hour5,Hour6,Hour7,Hour8,Hour9,Hour10,Hour11,Hour12,Hour13,Hour14,Hour15,Hour16,Hour17,Hour18,Hour19,Hour20,Hour21,Hour22,Hour23
Winter,0.0,0.0,0.0,0.0,0.0,0.0,0.0,0.0,0.0,0.0,0.0,0.0,0.0,0.0,0.0,0.0,0.0,0.0008843617176764205,0.006784939079878111,0.0033924695399390557,0.001536759706126239,0.0,0.0,0.0
Spring,0.0,0.0,0.0,0.0,0.0,0.0,0.0,0.0,0.0,0.0,0.0,0.0,0.0,0.0,0.0,0.0,0.0,0.0,0.049467841098124715,0.0766947414001523,0.03319224471090873,0.0,0.0,0.0
Summer,0.0011486537252578795,0.0011486537252578795,0.0011486537252578795,0.0011486537252578795,0.0011486537252578795,0.0011486537252578795,0.0011486537252578795,0.0011486537252578795,0.0011486537252578795,0.0011486537252578795,0.0011486537252578795,0.021372491445372017,0.05820473220937879,0.148364634447653,0.21052374833414902,0.28866986242956216,0.44893530268644416,0.6454304112612962,0.8011388973950241,0.5595826680899737,0.2296742538847599,0.050371290410898814,0.0,0.0
Fall,0.03703505331372309,0.03703505331372309,0.03703505331372309,0.03703505331372309,0.03703505331372309,0.03703505331372309,0.03703505331372309,0.03703505331372309,0.03703505331372309,0.03703505331372309,0.03703505331372309,0.03703505331372309,0.03703505331372309,0.03703505331372309,0.046918229252410605,0.05642541480212631,0.0988854722995855,0.19452131338020032,0.21264942141991247,0.13839131959798046,0.05787566344530329,0.03703505331372309,0.03703505331372309,0.03703505331372309
Summer Peak,0.0,0.0,0.0,0.0,0.0,0.0,0.0,0.0,0.0,0.0,0.0,0.0,0.0,0.1441654577143332,0.8568015270976849,0.95,0.95,0.95,0.95,0.95,0.8568015270976849,0.7503156776495978,0.0,0.0
Winter Peak,0.0,0.0,0.0,0.0,0.0,0.0,0.0,0.0,0.0,0.0,0.0,0.0,0.0,0.0,0.0,0.0,0.0,0.0,0.0,0.0,0.0,0.0,0.0,0.0
