Unit: dimensionless (ratio of electricity demand in this hour to annual demand),Hour0,Hour1,Hour2,Hour3,Hour4,Hour5,Hour6,Hour7,Hour8,Hour9,Hour10,Hour11,Hour12,Hour13,Hour14,Hour15,Hour16,Hour17,Hour18,Hour19,Hour20,Hour21,Hour22,Hour23
Winter,0.0,0.0,0.0,0.0,0.0,0.0,0.0,0.0,0.0,0.0,0.0,0.0,0.0,0.0,0.0,0.0,0.0,0.0022798893407475042,0.009583726450327831,0.004027349434254573,0.0014471153899355417,0.0,0.0,0.0
Spring,0.0,0.0,0.0,0.0,0.0,0.0,0.0,0.0,0.0,0.0,0.0,0.0,0.0,0.0,0.0,0.0,0.0,0.0,0.049467841098124715,0.0766947414001523,0.03319224471090873,0.0,0.0,0.0
Summer,0.0010862268923634295,0.0010862268923634295,0.0010862268923634295,0.0010862268923634295,0.0010862268923634295,0.0010862268923634295,0.0010862268923634295,0.0010862268923634295,0.0010862268923634295,0.0010862268923634295,0.0010862268923634295,0.03215943881325171,0.1031915547745258,0.19883294229721404,0.281439607111541,0.37371547196772603,0.5385548546334353,0.7401478816571464,0.9058598072363939,0.6507389435168716,0.2956495917034429,0.09432366965326372,0.002653242737084443,0.0010862268923634295
Fall,0.03703505331372309,0.03703505331372309,0.03703505331372309,0.03703505331372309,0.03703505331372309,0.03703505331372309,0.03703505331372309,0.03703505331372309,0.03703505331372309,0.03703505331372309,0.03703505331372309,0.03703505331372309,0.03703505331372309,0.03703505331372309,0.046918229252410605,0.05642541480212631,0.0988854722995855,0.19452131338020032,0.21264942141991247,0.13839131959798046,0.05787566344530329,0.03703505331372309,0.03703505331372309,0.03703505331372309
Summer Peak,0.0,0.0,0.0,0.0,0.0,0.0,0.0,0.0,0.0,0.0,0.0,0.0,0.0,0.1441654577143332,0.8568015270976849,0.95,0.95,0.95,0.95,0.95,0.8568015270976849,0.7503156776495978,0.0,0.0
Winter Peak,0.0,0.0,0.0,0.0,0.0,0.0,0.0,0.0,0.0,0.0,0.0,0.0,0.0,0.0,0.0,0.0,0.0,0.0,0.0,0.0,0.0,0.0,0.0,0.0
