Unit: dimensionless (ratio of electricity demand in this hour to annual demand),Hour0,Hour1,Hour2,Hour3,Hour4,Hour5,Hour6,Hour7,Hour8,Hour9,Hour10,Hour11,Hour12,Hour13,Hour14,Hour15,Hour16,Hour17,Hour18,Hour19,Hour20,Hour21,Hour22,Hour23
Winter,0,0,0,0,0.0,0.0,0.0025105250123823673,0.07984460128776621,0.21725173353145116,0.264112803368004,0.2677470282317979,0.2654748637939575,0.26755819712729084,0.3720220406141654,0.34123947498761764,0.23039561664190197,0.054129519564140645,0.021848687469044083,0.0,0.0,0,0,0,0
Spring,0,0,0,0,1.2113185606305316e-05,0.00012920731313392338,0.17921861877382264,0.3166951999483171,0.3925923832288907,0.41797758253117134,0.4217488209832677,0.4241956844757414,0.4301553717940434,0.49655985528780916,0.47329850119516753,0.42921861877382245,0.3253278635570774,0.19608421086633507,0.025752632599005103,0.0,0,0,0,0
Summer,0,0,0,0,0.0006056592803152657,0.009141417404225076,0.26051828283480843,0.36195006137347385,0.41501792751469735,0.4313182376122491,0.4256048517346081,0.42513647522449777,0.4195724853026681,0.494839782931714,0.4813053168809353,0.44487693003424017,0.38728680793332915,0.2263106466826023,0.06496705213515083,4.4415013889786166e-05,0,0,0,0
Fall,0,0,0,0,0.0,0.0,0.09090687647674957,0.24679073392931095,0.3212128224490292,0.34725842203980223,0.34124789905731623,0.33205246875989575,0.3213711543614352,0.3790405086108202,0.3588349207122499,0.2919518670986286,0.156888656127445,0.059094341461038175,0.0,0.0,0,0,0,0
Summer Peak,0,0,0,0,0.0,0.0,0.01411589895988113,0.08506686478454681,0.21842496285289748,0.2652303120356613,0.32689450222882616,0.3480683506686479,0.3800148588410104,0.4580237741456166,0.35921248142644874,0.47919762258543835,0.4008172362555721,0.20208023774145617,0.04791976225854384,0.0,0,0,0,0
Winter Peak,0,0,0,0,0.0,0.0,0.0,0.0007429420505200595,0.013372956909361071,0.026745913818722142,0.04940564635958396,0.060178306092124816,0.048291233283803865,0.06166419019316494,0.03528974739970282,0.04383358098068351,0.001485884101040119,0.0,0.0,0.0,0,0,0,0
