solar pv,Hour0,Hour1,Hour2,Hour3,Hour4,Hour5,Hour6,Hour7,Hour8,Hour9,Hour10,Hour11,Hour12,Hour13,Hour14,Hour15,Hour16,Hour17,Hour18,Hour19,Hour20,Hour21,Hour22,Hour23
Winter,0,0,0,0,0.0,0.0,8.139893315048617e-05,0.0400306589230141,0.21882827522585707,0.29531715183413887,0.29849839222898294,0.29707877053664944,0.30019076109284304,0.30939005544829806,0.30395576547841563,0.23179773733204698,0.06618674819958281,0.0018982960156363384,0.0,0.0,0,0,0,0
Spring,0,0,0,0,7.535739974420009e-05,0.028830547361540955,0.17001002438725918,0.3667667028936281,0.48675843972889177,0.5308447569178552,0.5450167978034114,0.5438685300983986,0.5378194200149716,0.5362238576451405,0.5206759846296006,0.4898902484954885,0.4086441529346439,0.2174240049708674,0.03503895254244679,0.0,0,0,0,0
Summer,0,0,0,0,0.00026352363484007975,0.07316568032821887,0.3053122502816588,0.4866492542577589,0.5641528176528965,0.593439445801486,0.5911829260540533,0.5837510072565194,0.5799307035442574,0.5821588195466175,0.563735045902454,0.5346902440834406,0.4743654235067853,0.34487827267130816,0.11774220224796393,7.889929186828735e-07,0,0,0,0
Fall,0,0,0,0,0.0,0.00017104331732233308,0.05412902086511533,0.25208746703859447,0.3896580572749402,0.42460772090030663,0.4173068719346006,0.40225224679777927,0.3921173676039397,0.3857983297853638,0.37883000253195215,0.34683421198534325,0.21193336036970348,0.04721301936338468,0.0,0.0,0,0,0,0
Summer Peak,0,0,0,0,0.0,0.00528546356225657,0.035728360833175904,0.09448624147332686,0.148336191662811,0.23015791330189972,0.37931781357181565,0.49484294571828064,0.5734041541209124,0.5708300647237096,0.5124497171951483,0.4956323331334228,0.44246880678319284,0.31935869121297,0.11247054606178428,0.0,0,0,0,0
Winter Peak,0,0,0,0,0.0,0.0,0.0,6.864238392541e-05,0.022686307887348,0.04025875817225296,0.045956076038061996,0.07461427132692067,0.08892620837536866,0.07046140709943337,0.05868923825622555,0.030408576078956626,0.0,0.0,0.0,0.0,0,0,0,0
