Unit: dimensionless (ratio of electricity demand in this hour to annual demand),Hour0,Hour1,Hour2,Hour3,Hour4,Hour5,Hour6,Hour7,Hour8,Hour9,Hour10,Hour11,Hour12,Hour13,Hour14,Hour15,Hour16,Hour17,Hour18,Hour19,Hour20,Hour21,Hour22,Hour23
Winter,0,0,0,0,0.0,0.0,0.00010071401728673428,0.050547914317925595,0.2827561067267945,0.3830973318301391,0.3847185268695979,0.3835381435550544,0.3872303645246148,0.3978312664411876,0.3902998872604285,0.3001585869973694,0.08622172115745959,0.0023487410747839157,0.0,0.0,0,0,0,0
Spring,0,0,0,0,9.901475417871672e-05,0.03788147639821578,0.22338218714768882,0.48190774962011657,0.6395691387677075,0.6974957109945592,0.7161168570168126,0.7146081074457137,0.7066599676486446,0.7045635017891282,0.6841346012450371,0.6436841331307288,0.5369320131366109,0.2856810940640164,0.046038919660800946,0.0,0,0,0,0
Summer,0,0,0,0,0.0003445909514239498,0.09654673790500462,0.4011837655016911,0.637821675408068,0.7403607666290869,0.7790632812117052,0.7773638547130047,0.7688431939610803,0.7648968187833934,0.768632910151463,0.7457443262585169,0.7085530121072501,0.6289172099406891,0.458602519484339,0.15781922454781633,9.803441007793735e-07,0,0,0,0
Fall,0,0,0,0,0.0,0.00022473986729997964,0.07112203596577155,0.33122664350268893,0.5119855101927663,0.5579071099857692,0.5483142661762804,0.5285334614744858,0.5152168850610825,0.5069140776609312,0.49775814589609463,0.45571774446929225,0.2784667418263812,0.06203485685770789,0.0,0.0,0,0,0,0
Summer Peak,0,0,0,0,0.0,0.006944757609921083,0.04694475760992108,0.12414881623449832,0.1949041713641488,0.302412626832018,0.4983990980834273,0.6501916572717024,0.7534160090191657,0.7500338218714769,0.673325817361894,0.6512288613303269,0.5813754227733935,0.41961668545659525,0.14777903043968432,0.0,0,0,0,0
Winter Peak,0,0,0,0,0.0,0.0,0.0,9.019165727170237e-05,0.02980834272829763,0.052897406989853436,0.06038331454340474,0.09803833145434047,0.11684329199549043,0.09258173618940249,0.07711386696730553,0.039954904171364145,0.0,0.0,0.0,0.0,0,0,0,0
