solar pv,Hour0,Hour1,Hour2,Hour3,Hour4,Hour5,Hour6,Hour7,Hour8,Hour9,Hour10,Hour11,Hour12,Hour13,Hour14,Hour15,Hour16,Hour17,Hour18,Hour19,Hour20,Hour21,Hour22,Hour23
Winter,0,0,0,0,0.0,0.0,8.463663763365448e-05,0.04162290883149401,0.22753233632740621,0.3070636161849947,0.3103713928363937,0.3088953046113948,0.31213107695913517,0.32169628024513575,0.31604583725804114,0.24101766865425198,0.06881937645499185,0.001973802183620674,0.0,0.0,0,0,0,0
Spring,0,0,0,0,7.835479764056608e-05,0.02997730431315955,0.17677230242749534,0.381355127486862,0.5061196269279506,0.5519595109179088,0.5666952555098267,0.565501314583403,0.5592115965450771,0.5575525694683016,0.5413862679768863,0.5093760057704879,0.4248982849578608,0.2260722101548487,0.03643265353263629,0.0,0,0,0,0
Summer,0,0,0,0,0.00027400548786836405,0.07607590091765566,0.3174562772761603,0.5060060985216502,0.5865924251048757,0.6170439511653122,0.6146976766284757,0.6069701476075887,0.60299788840921,0.6053146294204081,0.5861580361652762,0.555957955260623,0.49323366905870847,0.3585960683027435,0.12242548790444265,8.203757121807307e-07,0,0,0,0
Fall,0,0,0,0,0.0,0.00017784669537504886,0.056282043843936126,0.2621144377935119,0.4051570029012833,0.4414968159822437,0.4339055701954454,0.41825213589231974,0.4077141341693237,0.4011437518148595,0.3938982540443989,0.36062980659080385,0.22036317098814662,0.049090953121731846,0.0,0.0,0,0,0,0
Summer Peak,0,0,0,0,0.0,0.005495696895898715,0.03714948356253612,0.0982445036000595,0.15423637651996264,0.2393126193759531,0.39440546813943245,0.5145257002926472,0.5962117405180508,0.5935352647570612,0.5328327944978163,0.515346486192684,0.46006834014237813,0.3320614260801139,0.11694414758350706,0.0,0,0,0,0
Winter Peak,0,0,0,0,0.0,0.0,0.0,7.137268695972357e-05,0.023588673040188635,0.04186008090187787,0.047784013919534934,0.07758211072521952,0.09246331595632189,0.07326406316415625,0.061023647350563655,0.03161810032315754,0.0,0.0,0.0,0.0,0,0,0,0
