Unit: dimensionless (ratio of electricity demand in this hour to annual demand),Hour0,Hour1,Hour2,Hour3,Hour4,Hour5,Hour6,Hour7,Hour8,Hour9,Hour10,Hour11,Hour12,Hour13,Hour14,Hour15,Hour16,Hour17,Hour18,Hour19,Hour20,Hour21,Hour22,Hour23
Winter,0.0,0.0,0.0,0.0,0.0,0.0,0.00012360791503149483,0.00012360791503149483,6.180395751574741e-05,6.180395751574741e-05,6.180395751574741e-05,6.180395751574741e-05,6.180395751574741e-05,6.180395751574741e-05,6.180395751574741e-05,6.180395751574741e-05,6.180395751574741e-05,0.009680971905266676,0.01629399535945165,0.014768673687963007,0.004840485952633338,0.00477868199511759,0.0,0.0
Spring,0.0,0.0,0.0,0.0,0.0,0.0,0.006233063471892509,0.006233063471892509,0.006233063471892509,0.006233063471892509,0.006233063471892509,0.006233063471892509,0.006233063471892509,0.006233063471892509,0.006233063471892509,0.006233063471892509,0.006233063471892509,0.018779804273306767,0.11147284232970721,0.1330257633054597,0.08860107864314046,0.00639429118715098,0.0,0.0
Summer,0.08441238260072537,0.08441238260072537,0.08441238260072537,0.08441238260072537,0.08441238260072537,0.08441238260072537,0.08441238260072537,0.08441238260072537,0.08441238260072537,0.08441238260072537,0.08862042596897148,0.14839076456959205,0.27310523915347745,0.4426152221447767,0.664738645456373,0.8313771628389184,0.95,0.95,0.95,0.95,0.6735207191065017,0.3047977711418352,0.09900832766307481,0.09064544607261787
Fall,0.07597388256873491,0.07597388256873491,0.07597388256873491,0.07597388256873491,0.07597388256873491,0.07597388256873491,0.07597388256873491,0.07597388256873491,0.07597388256873491,0.07597388256873491,0.07597388256873491,0.07605412639554224,0.08240554686889827,0.09485792981072681,0.11891648806623391,0.14544072027272992,0.23434115385079124,0.36772827868461383,0.41110371452064925,0.3081581796201897,0.13695919094230652,0.07919093053437429,0.06657319667670031,0.06657319667670031
Summer Peak,0.0,0.0,0.0,0.0,0.0,0.0,0.0,0.0,0.0,0.0,0.0,0.0,0.0,0.95,0.95,0.95,0.95,0.95,0.95,0.95,0.95,0.8598661001250907,0.00741647490188969,0.00741647490188969
Winter Peak,0.0,0.0,0.0,0.0,0.0,0.0,0.0,0.0,0.0,0.0,0.0,0.0,0.0,0.0,0.0,0.0,0.0,0.0,0.0,0.0,0.0,0.0,0.0,0.0
